int	string	string	int	int	int	int	int	int	int	int	int	int	int	int	int	DTActorSkill[]	DTActorStory[]	DTActorFeature[]	DTActorCharacter[]	int	DTItemNum	DTItemNum[]	DTItemNum	int	int	int	int	int	int	string	string	string	string
ID	英文名字	中文名字	随机名字|n|调用GameRandomName表格中的ID	星级|n|1301一星|n|1302二星|n|1303三星|n|1304四星|n|1305五星|n|1306六星	性别|n|1101女|n|1102男	国籍     1201美国   1202欧洲   1203亚洲	表演类型    1401演技派    1402偶像派	年龄类型   1501青春型   1502成熟型	美术资源ID	场面	表演	剧情	艺术	娱乐	主属性ID	技能  技能组id：开放等级	擅长剧本风格ID   剧本风格：擅长等级：加成属性	擅长剧本元素 ID   剧本元素 ：擅长等级：加成属性	擅长角色类型ID    角色类型：擅长等级：加成属性	神秘擅长ID	招募消耗                 物品ID：物品数量	重复招募奖励|n|物品ID：物品数量|n|第一个为艺人合同，第二个为资产物品	启用雪藏艺人消耗	星探随机值	初始经验	初始片酬	初始体力	初始培养次数	初始赠送资产次数	英文描述	中文描述	获得途径描述	获得途径描述
id	en_name	cn_name	random_name	star	sex	country	show_type	age_type	avatar	spectacle	perform	plot	art	entertainment	main_id	skill	story_type	story_feature	character	surprise	cost	recruit_reward	enable_cost	random_value	exp	paycheck	stamina	culture	assets	en_tips	cn_tips	en_getway	cn_getway
9997		巨石强森	2102	1305	1102	1201	1401	1502	1102	244	111	119	0	125	1601	1005:31;1080:101;1042:201	1705:2:1601;1708:2:1601;1710:2:1601	1801:2:1603;1809:2:1601;1818:2:1603;1811:2:1601	1907:3:1602;1901:2:1603;1910:3:1602;1914:3:1603;1926:2:1602;1934:2:1601;1917:3:1603	1901	0	0	0	0	0	0	0	0	0		临时演员		0
9998		助理	0	0	0	0	0	0	9999	0	0	0	0	0	0	0	0	0	0	0	0	0	0	0	0	0	0	0	0		临时演员		0
9999		临时演员	0	0	0	0	0	0	6046	0	0	0	0	0	0	0	0	0	0	0	0	0	0	0	0	0	0	0	0		临时演员		0
1001		斯昆	2001	1301	1102	1201	1401	1502	1014	4	4	8	0	4	1603	1001:31;1042:101;1017:201	1702:1:1601	1806:1:1601;1815:1:1603	1910:1:1601;1922:2:1601	1901	6:500	7001:10;6102:60	6:50	100	0	100	100	30	100		出于某种神秘的原因，他跟人打招呼时都会用一个很奇怪的手势。更奇怪的是，这个手势并不是每个人都能做的出来…		1.使用星探功能
1002		查姆	2002	1301	1102	1202	1402	1501	1050	4	8	4	0	4	1601	1002:31;1026:101;1025:201	1706:2:1603	1801:1:1601;1808:1:1603	1910:1:1603;1907:1:1602	1901	6:500	7002:10;6108:60	6:50	100	0	100	100	30	100		“路过的男孩哟，你掉的是这把金剑呢，还是这把银剑呢？”“不，我掉的是一把咖喱棒！“这段对话被路过的星探听到了，十分欣赏他的诚实，就把他带回了公司。不过，事情好像并没有这么简单…		1.使用星探功能
1003		谢波	2003	1301	1102	1201	1401	1501	1072	8	4	4	0	4	1603	1005:31;1018:101;1024:201	1703:1:1603	1812:2:1601;1803:1:1601	1922:1:1602;1929:1:1601	1901	6:500	7003:10;6102:60	6:50	100	0	100	100	30	100		智商跟情商成反比的他至今已经成功气走了19个室友了，目测受害人数还要持续增加。但他本人似乎完全没有自觉，让经纪人也颇为无奈。		1.使用星探功能
1004		斯诺	2004	1301	1102	1202	1401	1502	1082	4	8	4	4	0	1602	1001:31;1060:101;1018:201	1705:2:1601	1809:1:1601;1808:1:1602	1911:1:1602;1921:1:1602	1901	6:500	7004:10;6108:60	6:50	100	0	100	100	30	100		天生体温比正常人高的他在冬天非常受欢迎，大家都知道这个演员不太冷。但是到了夏天…看着大家都对他避之不及，还是感觉有点可怜呢~		1.使用星探功能
1005		章芬	2005	1301	1101	1203	1402	1501	1055	4	4	8	4	0	1601	1001:31;1032:101;1022:201	1709:1:1602	1804:1:1602;1805:1:1603	1932:2:1601;1948:1:1603	1901	6:500	7005:10;6103:60	6:50	100	0	100	100	30	100		在拍过多部电影之后，突然发现自己的真实兴趣，其实是写回忆录？不过据本人说拍电影可以为回忆录增加素材，所以目前并没有退出演艺事业的打算。		1.使用星探功能
1006		凯特	2006	1301	1101	1202	1402	1501	1097	4	8	4	0	4	1601	1003:31;1053:101;1050:201	1702:1:1602	1809:1:1603;1817:2:1603	1937:1:1601;1910:1:1602	1901	6:500	7006:10;6108:60	6:50	100	0	100	100	30	100		大家都觉得打架是件跟优雅沾不上边的事，她用自己的表演给了所有人一个不同的答案：打架，也可以不失优雅。		1.使用星探功能
2001		汉克	2007	1302	1102	1201	1401	1502	1003	5	5	10	5	0	1601	1002:31;1059:101;1038:201	1701:1:1603;1704:1:1601	1817:1:1603;1801:1:1602	1922:2:1603;1910:1:1601;1907:2:1602	1901	6:1000	7007:20;6102:100	6:100	100	0	125	100	30	100		“我曾经也是个冒险者，我去越南流过血，我在中国打过球，我还见过总统，拿过奖章，开过公司，玩过乐队，本来我的冒险会继续下去，直到…直到我尝过了这盒巧克力。所以，要来一块吗？”		1.使用星探功能
2002		罗素	2008	1302	1102	1201	1401	1502	1006	10	5	5	0	5	1602	1003:31;1029:101;1034:201	1702:1:1601;1708:1:1603	1801:1:1601;1806:1:1601	1921:1:1601;1941:2:1601;1926:2:1603	1901	6:1000	7008:20;6102:100	6:100	100	0	125	100	30	100		身为某商业舰队舰长的他却几乎不怎么管自己的舰队，沉迷接片无法自拔。大家一度十分疑惑他的舰队究竟如何经营下去的，直到看见了他的助理日渐变高的发际线…		1.使用星探功能
2003		贾亭	2009	1302	1102	1201	1402	1501	1023	5	10	5	0	5	1603	1003:31;1020:101;1025:201	1705:1:1601;1702:2:1602	1809:1:1602;1808:1:1603	1931:2:1603;1902:1:1603;1928:1:1603	1901	6:1000	7009:20;6102:100	6:100	100	0	125	100	30	100		如果说有的人就是得到上天厚爱的，那么他绝对算一个。唱歌唱腻了拍电影，电影拍腻了开公司，公司管烦了最终成家晋级奶爸…真·人生赢家。		1.使用星探功能
2004		汉克特	2010	1302	1102	1202	1401	1502	1047	5	5	10	0	5	1603	1004:31;1038:101;1053:201	1705:2:1601;1710:1:1603	1808:1:1602;1809:1:1602	1923:1:1603;1930:2:1602;1922:1:1602	1901	6:1000	7010:20;6108:100	6:100	100	0	125	100	30	100		美食节目主持人，每次做饭和吃东西的时候都能活生生把人看饿，看向观众的每个眼神里都写着："你看起来很好吃。“…咦，怎么感觉后背有点冷？		1.使用星探功能
2005		裘华	2011	1302	1102	1202	1402	1501	1063	5	10	5	0	5	1602	1006:31;1038:101;1027:201	1702:1:1601;1705:1:1602	1814:2:1601;1809:1:1603	1922:1:1602;1902:1:1603;1925:2:1603	1901	6:1000	7011:20;6108:100	6:100	100	0	125	100	30	100		深夜的房间里，他伏在桌子上睡着了，亮着的电脑显示屏上还显示着搜索记录：“拯救发际线哪家强“。		1.使用星探功能
2006		张宁玉	2012	1302	1101	1203	1402	1502	1067	10	5	5	5	0	1603	1006:31;1021:101;1018:201	1709:1:1601;1703:2:1603	1803:2:1603;1804:1:1602	1902:1:1603;1932:1:1601;1935:1:1603	1901	6:1000	7012:20;6103:100	6:100	100	0	125	100	30	100		她本人认为旗袍是自己的幸运装，也因此只要一有机会就一定会在自己接拍的电影中穿上旗袍。久而久之让人一看到她就想到她穿旗袍的样子，她实际上穿了什么反倒没有人在意了…		1.使用星探功能
2007		龚莉	2013	1302	1101	1203	1401	1502	1068	5	10	5	5	0	1603	1005:31;1022:101;1057:201	1709:1:1602;1705:1:1603	1803:2:1602;1813:1:1601	1904:1:1601;1902:1:1602;1942:2:1603	1901	6:1000	7013:20;6103:100	6:100	100	0	125	100	30	100		走到哪里都能把脚下踩的地面变成红毯一般的存在，所以经常被邀请参与各种舞会的暖场嘉宾…		1.使用星探功能
2008		郭达森	2014	1302	1102	1202	1401	1502	1078	5	5	10	5	0	1602	1004:31;1042:101;1027:201	1707:2:1603;1708:2:1601	1817:1:1602;1818:1:1602	1934:1:1603;1911:1:1601;1907:1:1602	1901	6:1000	7014:20;6108:100	6:100	100	0	125	100	30	100		虽然经常有人拿他的光头取乐，他从不介意，只是淡淡的说：“想一想，不秃头你能变强吗？”		1.使用星探功能
2009		桑德亚	2015	1302	1102	1201	1401	1502	1083	5	10	5	5	0	1601	1003:31;1045:101;1019:201	1703:2:1603;1702:1:1603	1804:2:1602;1812:1:1602	1902:1:1602;1917:1:1602;1931:1:1602	1901	6:1000	7015:20;6102:100	6:100	100	0	125	100	30	100		非常高产的喜剧演员，基本只要有他在的片都不缺笑点，虽然大家都不清楚到底是因为他本身脸长得让人看了就想笑还是因为他的演技…不过不要在意细节，毕竟做人嘛，最重要的是开心。		1.使用星探功能
2010		赵古拉	2016	1302	1102	1201	1401	1502	1084	10	5	5	0	5	1602	1004:31;1027:101;1030:201	1701:1:1601;1708:2:1602	1801:1:1603;1817:1:1603	1907:2:1601;1926:1:1601;1911:1:1601	1901	6:1000	7016:20;6102:100	6:100	100	0	125	100	30	100		一般演员的理想都是能拿到小金人，但他剑走偏锋，以包揽各种金酸梅，金扫帚为己任。俗话说，拍烂片不难，难的是拍的每一部都是烂片…		1.使用星探功能
2011		鲁妮拉	2017	1302	1101	1201	1401	1501	1086	5	10	5	0	5	1603	1002:31;1036:101;1047:201	1705:2:1603;1704:1:1602	1808:2:1601;1804:1:1603	1922:1:1603;1935:1:1602;1931:1:1603	1901	6:1000	7017:20;6102:100	6:100	100	0	125	100	30	100		上一秒还是满身刺青桀骜不驯的朋克女孩，下一秒就可以变成人畜无害楚楚可怜的弱气少女，让人不由得惊叹她的演技，正所谓“你要哪种美，我全都可以给”。		1.使用星探功能
2012		绪子	2018	1302	1101	1203	1402	1501	1089	5	5	10	0	5	1602	1006:31;1042:101;1050:201	1702:1:1603;1710:1:1602	1811:2:1603;1820:1:1602	1904:2:1602;1926:1:1603;1902:1:1601	1901	6:1000	7018:20;6103:100	6:100	100	0	125	100	30	100		虽然她本人一再重申她日常生活中不会从和服袖口里刷刷刷飞出一排苦无，但是不知道为什么粉丝都执着的相信她只是想隐藏实力…		1.使用星探功能
2013		戴维	2019	1302	1102	1202	1401	1502	1007	5	10	5	0	5	1603	1001:31;1029:101;1057:201	1702:1:1603;1701:1:1602	1806:2:1603;1808:2:1601	1910:1:1603;1913:1:1601;1943:1:1602	1901	6:1000	7019:20;6108:100	6:100	100	0	125	100	30	100		由于去学校给自己的孩子送盒饭时通过大喇叭大喊一声“我是你爸！“而莫名走红，从而被星探发掘。		1.使用星探功能
2014		西尔	2020	1302	1102	1201	1402	1501	1091	10	5	5	5	0	1602	1004:31;1018:101;1029:201	1702:2:1601;1704:1:1602	1818:1:1601;1814:2:1602	1908:1:1602;1902:1:1602;1922:1:1603	1901	6:1000	7020:20;6102:100	6:100	100	0	125	100	30	100		原本只是一个喜欢打游戏的普通少年，突然某一天发现了某游戏内的彩蛋，从此一发不可收拾，每玩一个游戏都一定要把游戏内所有彩蛋全找出来，被人称为“彩蛋猎人”。在把所有现存游戏彩蛋都挖掘完之后，他把目光转移到了电影上面…		1.使用星探功能
2015		薇丝帕	2021	1302	1101	1202	1401	1501	1060	5	10	5	5	0	1601	1004:31;1027:101;1029:201	1705:2:1601;1706:1:1602	1804:2:1602;1802:1:1603	1943:1:1603;1904:1:1602;1932:1:1602	1901	6:1000	7021:20;6108:100	6:100	100	0	125	100	30	100		满身朋克气息的她私底下其实很容易害羞，但是内心越害羞她的表情反而会越挑衅，所以一直以来都被人当做朋克公主，本人似乎已经放弃解释了…		1.使用星探功能
3001		施格尔	2022	1303	1102	1201	1401	1502	1008	6	12	6	6	0	1603	1004:31;1042:101;1050:201	1710:1:1601;1702:1:1602	1801:2:1601;1809:2:1603;1814:1:1603	1907:2:1602;1926:1:1602;1934:1:1602;1925:2:1601	1901	6:2000	7022:30;6102:500	6:200	100	0	150	100	30	100		机甲爱好者，常年喜欢穿着Cos服出现在公众视线中，一次突发奇想去竞选市长并且成功当选之后，成为了某问答网站的当红大V，日常谢邀回答“从演员变成市长是一种怎样的体验”相关问题。		1.使用星探功能
3002		查林	2023	1303	1102	1202	1401	1502	1010	12	6	6	0	6	1603	1005:31;1025:101;1061:201	1704:1:1601;1709:2:1602	1804:1:1601;1810:2:1601;1803:2:1601	1903:2:1602;1902:1:1601;1917:1:1603;1931:1:1603	1901	6:2000	7023:30;6108:500	6:200	100	0	150	100	30	100		肥裤子、高筒帽、小胡子、大头鞋，再加上一根从来都不舍得离手的拐杖，他相信自己一定能够凭精心准备的这套装束成为喜剧之王。一切都已准备妥当，只差有人上门来找他拍片了…		1.使用星探功能
3003		马度龙	2024	1303	1102	1201	1401	1502	1011	6	12	6	0	6	1602	1005:31;1036:101;1027:201	1704:1:1603;1705:2:1601	1801:2:1601;1817:1:1603;1808:1:1603	1911:2:1603;1910:2:1603;1941:1:1601;1921:1:1602	1901	6:2000	7024:30;6102:500	6:200	100	0	150	100	30	100		“你养猫吗？”这是他对采访他的记者说的第一句话。得到了肯定回答后，他满意的笑了：“很好。不把猫当家人一样照顾的男人，根本算不上是个真正的男人。”		1.使用星探功能
3004		莫里曼	2025	1303	1102	1201	1401	1502	1012	6	6	12	0	6	1603	1004:31;1018:101;1038:201	1705:2:1602;1704:2:1603	1808:1:1603;1816:1:1603;1809:1:1603	1941:1:1602;1934:1:1603;1911:2:1603;1931:2:1601	1901	6:2000	7025:30;6102:500	6:200	100	0	150	100	30	100		在进入演艺圈之前他靠着混入各种婚庆典礼骗吃骗喝维持生活，直到某一天被一对新人误当成司仪被迫主持了一场婚礼，结果惊为天人——“我感觉好像上帝本人对我说话了一样！”新人激动的表示。从那以后他顺利被发掘走上了演艺道路，只是不管演什么，人们都会发出惊叹：“Oh,my god!"		1.使用星探功能
3005		詹一	2026	1303	1102	1202	1402	1501	1019	6	12	6	0	6	1601	1002:31;1027:101;1035:201	1709:2:1601;1702:1:1602	1801:1:1601;1811:1:1603;1807:2:1603	1922:2:1603;1902:1:1602;1910:1:1601;1913:2:1602	1901	6:2000	7026:30;6108:500	6:200	100	0	150	100	30	100		被演艺事业耽误了的模特儿，曾经拿过选美比赛第一名，这个光辉过往被粉丝们津津乐道。但是当你问他到底是哪个地方的第一名时，得到的回答通常是“过去的辉煌不必再提。”		1.使用星探功能
3006		索菲	2027	1303	1101	1202	1402	1501	1056	12	6	6	6	0	1603	1003:31;1023:101;1042:201	1703:2:1603;1706:1:1602	1802:1:1601;1807:1:1601;1803:2:1601	1902:1:1601;1931:2:1601;1935:1:1603;1932:2:1603	1901	6:2000	7027:30;6108:500	6:200	100	0	150	100	30	100		清澈忧郁的眼睛，青春甜美的笑容，从容不迫的气质，一举一动都是满满的法式风情的她让无数影迷为之着迷，也因此收获了“法国玫瑰”之名。		1.使用星探功能
3007		威廉	2028	1303	1102	1201	1401	1502	1064	6	12	6	6	0	1601	1001:31;1024:101;1018:201	1704:2:1603;1701:2:1603	1812:1:1603;1801:1:1603;1813:1:1601	1910:1:1603;1949:1:1602;1922:2:1601;1921:2:1601	1901	6:2000	7028:30;6102:500	6:200	100	0	150	100	30	100		慈眉善目的他浑身散发着一股“班主任”的气质，虽然本人并不是教师，可是从邻里街坊到街边摊贩见到他第一反应就是“老师好”，一方面深感苦恼，但另一方面也让他在扮演老师类型的角色时可以浑然天成，以至于大家都搞不清是他演技精湛还是纯粹本色出演…		1.使用星探功能
3008		格伦	2029	1303	1102	1202	1402	1501	1065	6	6	12	6	0	1601	1003:31;1020:101;1048:201	1703:2:1603;1707:1:1601	1810:2:1603;1804:1:1603;1803:2:1602	1905:1:1601;1902:2:1603;1917:1:1601;1935:1:1602	1901	6:2000	7029:30;6108:500	6:200	100	0	150	100	30	100		原本是个普通的书店老板的他一次无意中卷入了特殊事件而被人报复，失去了自己赖以为生的书店，陷入迷茫的他某天在街边眺望夕阳思考人生时被星探发现，事实证明广大女性观众对他的颓废英伦范非常买账，这也决定了他的角色基本都是大众情人的类型...		1.使用星探功能
3009		玛歌	2030	1303	1101	1202	1402	1501	1071	6	12	6	6	0	1602	1001:31;1065:101;1042:201	1709:1:1601;1706:1:1603	1819:1:1602;1813:1:1602;1803:2:1602	1902:2:1603;1931:1:1602;1932:2:1601;1909:2:1602	1901	6:2000	7030:30;6108:500	6:200	100	0	150	100	30	100		她成名的契机是一部魔幻古装剧，导演非常聪明的选择了有着一双狐狸一般的魅惑眼睛的她来出演女主角，然而…可能是因为剧组经费不够了，在她说完“皇上，臣妾真的只是只白狐啊~”之后，出现在镜头里的，是一只吐着舌头微笑的萨摩耶…		1.使用星探功能
3010		盖瑞特	2031	1303	1102	1201	1402	1502	1073	12	6	6	0	6	1602	1002:31;1020:101;1048:201	1706:1:1603;1710:1:1601	1803:2:1603;1804:1:1603;1802:2:1603	1932:2:1603;1935:1:1603;1902:1:1601;1928:2:1602	1901	6:2000	7031:30;6102:500	6:200	100	0	150	100	30	100		浓眉大眼的他虽然在各种影片里都出演迷倒万千少女的痴情形象，但不知为何，粉丝中总是流传着他宇宙第一深柜的传言…		1.使用星探功能
3011		克拉丽丝	2032	1303	1101	1201	1401	1502	1080	6	12	6	0	6	1601	1005:31;1065:101;1026:201	1707:1:1602;1703:1:1603	1813:2:1603;1801:1:1603;1816:2:1603	1902:2:1601;1907:1:1603;1926:1:1602;1943:2:1603	1901	6:2000	7032:30;6102:500	6:200	100	0	150	100	30	100		从长发飘飘的邻家女孩，变成精明成熟的高冷女王需要多少年？在息影十多年之后重归影坛的她迎来了自己事业的第二春，想知道女王是如何炼成的吗？买张电影票吧，就现在。		1.使用星探功能
3012		查克	2033	1303	1102	1201	1401	1502	1085	6	6	12	0	6	1603	1003:31;1048:101;1044:201	1704:1:1602;1705:2:1602	1810:1:1602;1804:2:1603;1809:1:1601	1906:2:1601;1905:2:1603;1941:1:1602;1928:1:1601	1901	6:2000	7033:30;6102:500	6:200	100	0	150	100	30	100		爱狗人士，坚定的狗派，常年在各大论坛与猫派展开辩论赛，但是私下里其实会偷偷的喂自家楼下的流浪猫…		1.使用星探功能
3013		迪娜	2034	1303	1101	1201	1401	1501	1087	6	12	6	0	6	1602	1006:31;1057:101;1018:201	1704:1:1603;1703:2:1601	1820:1:1601;1801:1:1603;1803:1:1603	1926:1:1601;1908:2:1602;1907:2:1602;1902:2:1601	1901	6:2000	7034:30;6102:500	6:200	100	0	150	100	30	100		出生于普通家庭的她可以说是“麻雀变凤凰”的真人典范，虽然童年贫困，但她内心想要当一个演员的梦想从未褪色。这一刻，是见证影后诞生的时刻。		1.使用星探功能
3014		北原	2035	1303	1102	1203	1401	1502	1090	12	6	6	6	0	1602	1002:31;1027:101;1023:201	1705:2:1601;1704:2:1602	1808:1:1603;1809:1:1603;1805:2:1601	1920:1:1601;1933:2:1602;1911:1:1603;1934:1:1602	1901	6:2000	7035:30;6103:500	6:200	100	0	150	100	30	100		“不会说相声的出租车司机不是好的高中老师，就像演不了小清新片的演员不是真正的暴力美学爱好者。”		1.使用星探功能
3015		卡森	2036	1303	1102	1201	1401	1501	1088	6	12	6	6	0	1601	1001:31;1025:101;1023:201	1702:2:1603;1708:2:1601	1808:2:1603;1820:2:1601;1801:1:1602	1926:1:1602;1913:1:1603;1934:1:1603;1919:1:1602	1901	6:2000	7036:30;6102:500	6:200	100	0	150	100	30	100		本来想向自己交往已久的女友求婚，却在见女友父母时被对方嫌弃自己无车无房无户口，一气之下抛下豪言状语决定要成为全世界著名的大明星，经过多方周转，他成功的成为了公司的签约（替身）演员。		1.使用星探功能
3016		巴拉娜	2037	1303	1101	1201	1402	1502	1093	6	6	12	6	0	1602	1004:31;1059:101;1036:201	1706:1:1602;1705:1:1602	1802:2:1602;1804:2:1602;1811:2:1603	1920:2:1601;1930:1:1601;1943:1:1602;1922:1:1601	1901	6:2000	7037:30;6102:500	6:200	100	0	150	100	30	100		嗯…虽然她一直很努力，但是不知为什么，就是一直红不起来。甚至有人在某知名问答网站提问“为什么她火不起来？”不过本人心态非常平和，甚至经常给高票回答点赞。		1.使用星探功能
3017		巴顿	2038	1303	1102	1202	1401	1502	1098	6	12	6	6	0	1601	1004:31;1034:101;1057:201	1706:1:1602;1705:2:1601	1809:2:1603;1808:1:1601;1802:1:1603	1918:1:1602;1920:1:1601;1930:2:1601;1911:2:1603	1901	6:2000	7038:30;6108:500	6:200	100	0	150	100	30	100		自从在一次斗牛表演中险些重伤之后他看透了人生，决定开始一份不那么危险的工作——当一名演员。充满异域风情的外表让他被星探一眼相中，顺利转型。		1.使用星探功能
3018		孔毅	2039	1303	1102	1203	1401	1502	1100	12	6	6	0	6	1603	1006:31;1023:101;1065:201	1710:2:1603;1708:1:1601	1811:2:1602;1801:1:1602;1807:1:1601	1934:1:1601;1910:2:1601;1922:1:1603;1903:1:1601;1926:1:1603	1901	6:2000	7039:30;6103:500	6:200	100	0	150	100	30	100		“你说我一个普通人，吃着火锅唱着歌，牵着女儿上了车，怎么就遇到丧尸爆发了呢？但是乘客们都说，就决定你来拉仇恨。“ 在出演完一部丧尸片之后他的这段台词被网友拿来疯狂造句，他也因此而走红。		1.使用星探功能
4001		玛丽安	2040	1304	1101	1202	1402	1501	1017	8	16	8	0	8	1603	1004:31;1076:101;1021:201	1704:2:1602;1703:1:1603	1803:1:1602;1804:2:1603;1805:2:1602;1819:2:1603	1902:1:1602;1904:1:1603;1932:2:1603;1931:2:1603;1935:2:1601	1901	6:15000	7040:40;6108:1500	6:800	100	0	200	100	30	100		如果说橱窗购物有发明人，那大概就是她了——每天最喜欢的就是妆容精致的对着珠宝店橱窗吃早餐，还因此而邂逅了白马王子，把自己活成了万千少女的梦想。		1.使用星探功能
4002		克洛伊	2041	1304	1101	1202	1402	1501	1022	16	8	8	0	8	1602	1002:31;1072:101;1065:201	1707:2:1603;1703:2:1603	1804:1:1602;1801:1:1602;1815:2:1603;1810:1:1601	1904:1:1603;1922:2:1602;1943:2:1601;1930:2:1601;1902:2:1601	1901	6:15000	7041:40;6108:1500	6:800	100	0	200	100	30	100		女神典范，上到民风淳朴高潭市的守护者下到幼年丧母的小正太都难以抵挡她的魅力。听说最近她充分发挥自己的优势去当了一名女间谍...		1.使用星探功能
4003		安娜	2042	1304	1101	1201	1401	1502	1029	8	16	8	0	8	1601	1001:31;1042:101;1053:201	1707:1:1603;1708:2:1603	1804:2:1603;1817:1:1602;1803:2:1601;1802:1:1603	1902:2:1601;1904:2:1601;1907:1:1603;1935:2:1603;1926:2:1601	1901	6:15000	7042:40;6102:1500	6:800	100	0	200	100	30	100		首屈一指的女特工，经常被派去作为卧底执行任务。然而不知为什么，每一次到最后都会变成跟卧底对象陷入爱河联手打败原雇主的结局…堪称反卧底界的活教科书。		1.使用星探功能
4004		布兰顿	2043	1304	1102	1202	1401	1502	1031	8	8	16	0	8	1603	1004:31;1018:101;1033:201	1706:1:1602;1701:2:1603	1802:2:1601;1820:1:1601;1801:1:1603;1808:2:1601	1909:2:1603;1926:2:1601;1902:2:1601;1904:2:1602;1931:1:1601	1901	6:15000	7043:40;6108:1500	6:800	100	0	200	100	30	100		这是一个走路带风，名字带花的男人，他用自己从铁匠混成王子的经历告诉我们，一个人的奋斗，当然离不开自己的努力，但是也要看历史的进程。		1.使用星探功能
4005		埃文	2044	1304	1102	1201	1402	1501	1001	8	16	8	0	8	1601	1001:31;1080:101;1039:201	1701:2:1602;1707:2:1602	1801:2:1603;1817:1:1601;1807:1:1601;1805:2:1602	1901:2:1602;1907:2:1603;1910:1:1601;1902:2:1603;1926:1:1602	1901	6:15000	7044:40;6102:1500	6:800	0	0	200	100	30	100		金发碧眼，胸大腰细，能唱能跳，来见一见我们的美国甜心——恭喜，是个男孩！		1.特殊活动获得
4006		瑞克	2045	1304	1102	1202	1401	1502	1015	16	8	8	8	0	1602	1006:31;1083:101;1024:201	1706:2:1603;1709:1:1603	1812:2:1603;1810:1:1603;1808:1:1602;1811:2:1602	1935:2:1602;1931:2:1601;1922:2:1602;1909:1:1602;1933:2:1602	1901	6:15000	7045:40;6108:1500	6:800	100	0	200	100	30	100		平时沉默寡言，完全猜不透他在想什么。但是如果演对手戏的男演员恰好有一双绿眼睛就会突然变得暴躁易怒，十分让人摸不着头脑。		1.使用星探功能
4007		乔克	2046	1304	1102	1201	1401	1501	1016	8	16	8	8	0	1603	1002:31;1046:101;1051:201	1705:2:1602;1710:1:1602	1818:2:1603;1817:2:1602;1803:2:1602;1809:1:1602	1923:1:1602;1920:1:1601;1922:2:1601;1930:2:1601;1911:2:1603	1901	6:15000	7046:40;6102:1500	6:800	100	0	200	100	30	100		曾经是个沉默寡言表情严肃的男孩，直到天天被邻里大妈问“怎么这么严肃呀”而学会了保持笑容，目前看来成效卓著，至少再也没有人问他这么个问题了...		1.使用星探功能
4008		林斯	2047	1304	1102	1202	1401	1502	1020	8	8	16	8	0	1601	1004:31;1051:101;1042:201	1707:1:1603;1708:2:1601	1817:2:1601;1801:1:1601;1804:2:1603;1805:2:1601	1932:2:1601;1926:1:1602;1909:2:1601;1941:2:1602;1922:1:1602	1901	6:15000	7047:40;6108:1500	6:800	0	0	200	100	30	100		从小在裁缝店长大的他有着一手精湛的裁缝技艺，穿什么都能穿出一副满溢而出的英伦风，因此被各大奢侈品牌争相聘请出任模特，但是他似乎不为所动，而是打算走上影视业，由于自带戏服可以有效节省剧组成本，因此深受欢迎，片约不断。		1.特殊活动获得
4009		托尼	2048	1304	1102	1202	1401	1501	1024	8	16	8	8	0	1602	1001:31;1042:101;1023:201	1707:2:1602;1710:1:1602	1801:2:1601;1811:1:1602;1819:2:1603;1808:2:1601	1931:2:1602;1932:1:1602;1930:2:1601;1943:2:1603;1923:1:1603	1901	6:15000	7048:40;6108:1500	6:800	100	0	200	100	30	100		熊孩子一个，没事喜欢玩变装秀，搞各种魔术恶作剧来让自己的哥哥花式背锅，虽然每次都以被哥哥胖揍一顿收场，却乐此不疲。也许…这也是手足情深的一种形式？		1.使用星探功能
4010		曼迪	2049	1304	1101	1201	1401	1501	1025	16	8	8	0	8	1602	1003:31;1021:101;1051:201	1705:1:1601;1703:2:1601	1808:1:1602;1809:2:1602;1803:2:1602;1812:2:1602	1926:1:1603;1930:1:1601;1932:2:1601;1922:2:1603;1921:2:1602	1901	6:15000	7049:40;6102:1500	6:800	100	0	200	100	30	100		在一次街头舞蹈大赛上因为跳了一段兔子舞被星探发现，从此她无论拍什么片，都要即兴来上一段舞蹈，据说某位印度籍导演十分喜欢她这种习惯，正打算以她为主角筹拍一部大片…		1.使用星探功能
4011		凯莉	2050	1304	1101	1201	1402	1501	1037	8	16	8	0	8	1603	1005:31;1047:101;1051:201	1704:2:1601;1703:2:1601	1809:1:1603;1803:1:1601;1808:2:1603;1810:1:1603	1902:2:1601;1904:2:1603;1932:2:1601;1909:1:1603;1935:2:1601	1901	6:15000	7050:40;6102:1500	6:800	100	0	200	100	30	100		对于她来说，进军影视业并且获得成功是非常关键的事——如果她无法证明自己在演艺事业上的才能，可能就要被迫回去继承数以千万计的家产——广大影迷听闻，纷纷表示自己愿意代替爱豆承担这种苦恼…		1.使用星探功能
4012		诺尔	2051	1304	1102	1201	1401	1501	1042	8	8	16	0	8	1601	1002:31;1027:101;1035:201	1704:2:1603;1702:2:1602	1811:2:1601;1803:1:1603;1806:2:1601;1801:2:1602	1907:2:1603;1931:1:1601;1922:2:1603;1930:1:1601;1911:1:1602	1901	6:15000	7051:40;6102:1500	6:800	100	0	200	100	30	100		你以为你知道他知道你知道了他是个什么样的人，其实他早就知道你以为你知道他知道你知道了他是个什么样的人，但你们都不知道的是你们互相都不知道对方真正知道的是什么。		1.使用星探功能
4013		本杰明	2052	1304	1102	1201	1402	1502	1044	8	16	8	0	8	1603	1006:31;1046:101;1036:201	1708:1:1603;1707:2:1602	1801:2:1603;1808:2:1603;1807:1:1603;1809:2:1603	1926:2:1601;1931:2:1602;1909:1:1602;1934:1:1601;1910:2:1601	1901	6:15000	7052:40;6102:1500	6:800	100	0	200	100	30	100		他用自己土帅土帅的气质和独特的下巴吸引了一批本质粉，成功的被星探发掘从而摆脱了搬砖工的命运，如今活跃在荧幕上的他俨然成为了全村的希望，土帅界的一颗明星。		1.使用星探功能
4014		蒂莫西	2053	1304	1102	1201	1401	1501	1046	16	8	8	8	0	1603	1006:31;1027:101;1023:201	1704:1:1601;1710:1:1603	1809:2:1602;1813:1:1602;1808:2:1603;1801:1:1601	1911:2:1602;1922:2:1602;1931:2:1602;1945:2:1601;1930:2:1602	1901	6:15000	7053:40;6102:1500	6:800	100	0	200	100	30	100		对，没错，就是他，那个象征自由的男人！		1.使用星探功能
4015		詹娜	2054	1304	1101	1201	1401	1502	1053	8	16	8	8	0	1603	1005:31;1020:101;1021:201	1705:2:1601;1706:1:1603	1810:2:1601;1804:1:1602;1803:2:1601;1820:2:1601	1902:2:1601;1940:1:1602;1917:2:1601;1904:2:1602;1932:1:1601	1901	6:15000	7054:40;6102:1500	6:800	100	0	200	100	30	100		在当了几年群众演员之后终于某一天因为一个自己的表情包走红网络，从此片约不停，源源不断的为大家贡献最新鲜的表情包素材，人送称号“表情包女帝。”		1.使用星探功能
4016		琳达	2055	1304	1101	1201	1401	1502	1058	8	8	16	8	0	1601	1001:31;1021:101;1024:201	1703:1:1601;1707:1:1602	1803:2:1603;1806:2:1603;1818:1:1602;1804:2:1602	1904:2:1603;1910:2:1603;1932:2:1601;1943:2:1602;1935:1:1601	1901	6:15000	7055:40;6102:1500	6:800	100	0	200	100	30	100		不管演什么角色都能演出一股邻家傻大姐风，并因此而被各种小鲜肉所信任，成为了当之无愧的小鲜肉之友。		1.使用星探功能
4017		马里	2056	1304	1102	1203	1402	1501	1066	8	16	8	8	0	1602	1004:31;1018:101;1060:201	1704:2:1602;1709:1:1603	1808:2:1601;1818:2:1601;1805:2:1602;1801:2:1602	1902:1:1602;1924:2:1601;1922:1:1603;1907:2:1601;1941:1:1603	1901	6:15000	7056:40;6103:1500	6:800	100	0	200	100	30	100		据说曾经因为事故导致大脑创伤只能保留7秒钟的记忆的他本来是不适合进入演艺圈的，但不知为何观看他影片的观众也会仿佛被传染一般看完就忘了自己看的是什么而反复买票观看，因此意外的成为了票房保证…		1.使用星探功能
4018		普尔	2057	1304	1102	1201	1401	1502	1045	16	8	8	0	8	1603	1004:31;1027:101;1035:201	1702:2:1602;1703:2:1601	1817:2:1601;1809:2:1601;1808:1:1601;1804:1:1602	1917:1:1602;1926:2:1603;1913:1:1601;1935:2:1602;1927:2:1601	1901	6:15000	7057:40;6102:1500	6:800	100	0	200	100	30	100		赌神一般的存在，是每家赌场的噩梦，却是每个赌客心中顶礼膜拜的对象——原因无他，只要是他下的注，反着买就对了。据说本人曾经试图靠这一点来进行翻身，也就是故意买自己认为自己会买的赌注的相反注，结果仍然惨败告终…也许，这一切都是石头门的选择吧。		1.使用星探功能
4019		米妮	2058	1304	1101	1201	1402	1501	1081	8	16	8	0	8	1602	1003:31;1018:101;1024:201	1704:2:1603;1703:2:1601	1803:1:1603;1810:1:1601;1804:2:1601;1813:2:1601	1902:1:1602;1904:1:1603;1906:2:1603;1932:2:1601;1930:2:1601	1901	6:15000	7058:40;6102:1500	6:800	100	0	200	100	30	100		因为男友认为她眼睛太大太吓人提出分手之后愤而决定进军演艺事业，立志让自己那双闪亮的大眼睛出现在各种海报和大荧幕上，目前看来她成功的做到了这一点，至于前男友？嗯…谁在乎呢？		1.使用星探功能
4020		文森特	2059	1304	1102	1201	1401	1501	1070	8	8	16	0	8	1601	1002:31;1030:101;1053:201	1705:2:1601;1707:1:1602	1809:2:1601;1801:2:1603;1818:2:1602;1813:2:1602	1910:2:1602;1911:1:1602;1921:1:1601;1920:2:1601;1945:1:1601	1901	6:15000	7059:40;6102:1500	6:800	100	0	200	100	30	100		事实证明一个演员演技太过精湛也是一种烦恼——尤其当你演的几乎都是反派角色时。这让他每次过安检都需要花比别人更多的时间，因为老会因为那股浑然天成的黑帮大佬气质而被拦下来单独检查…		1.使用星探功能
4021		布拉德	2060	1304	1102	1201	1402	1502	1074	8	16	8	0	8	1602	1002:31;1065:101;1048:201	1708:1:1602;1704:1:1601	1804:2:1603;1813:2:1602;1809:2:1601;1816:2:1601	1943:1:1602;1930:2:1601;1907:2:1601;1902:1:1602;1917:2:1602	1901	6:15000	7060:40;6102:1500	6:800	100	0	200	100	30	100		虽然在外都是一副潇洒不羁的模样，但是没有人知道回到自己家里的他，会在夜深人静时对着家中的镜子不断自问：谁是世界上最帅的人？嗯…我们仍未知道每天夜里被提问的镜子的回答。		1.使用星探功能
4022		贾维	2061	1304	1102	1201	1401	1501	1075	16	8	8	8	0	1602	1004:31;1045:101;1028:201	1704:1:1603;1706:2:1602	1820:2:1602;1809:2:1601;1810:2:1602;1803:1:1603	1917:2:1603;1902:2:1602;1930:2:1602;1931:1:1603;1922:1:1603	1901	6:15000	7061:40;6102:1500	6:800	100	0	200	100	30	100		由于过去出演的真男人秀太过成功导致大家看到他都会忍不住惊呼：似李！真男人！		1.使用星探功能
4023		爱丽	2062	1304	1101	1201	1402	1501	1002	8	16	8	8	0	1601	1004:31;1046:101;1023:201	1710:1:1602;1702:2:1603	1807:1:1603;1817:2:1601;1811:2:1602;1801:2:1601	1926:2:1603;1932:2:1601;1904:1:1602;1938:1:1603;1902:2:1601	1901	6:15000	7062:40;6102:1500	6:800	100	0	200	100	30	100		“虽然我拳打人类脚踹丧尸，撬锁开枪破坏建筑，身上还携带着一不小心就能毁灭全人类的危险病毒，但我知道我是个好姑娘。”这是她的自述，至于她为什么选择来当一个演员，至今仍是一个谜题。		1.使用星探功能
4024		凯文	2063	1304	1102	1201	1402	1502	1092	8	8	16	8	0	1603	1001:31;1046:101;1037:201	1708:2:1602;1702:2:1601	1820:2:1602;1815:1:1603;1803:2:1601;1808:1:1601	1922:2:1602;1902:1:1602;1930:2:1602;1945:1:1602;1932:2:1603	1901	6:15000	7063:40;6102:1500	6:800	100	0	200	100	30	100		在演艺事业之外，他更为出名的其实是传说中的点石成金之手，即据说买哪只股票哪只股票大涨，赌哪只球队哪只球队大胜…跟另外某位演员形成鲜明对比。		1.使用星探功能
4025		奥利维亚	2064	1304	1101	1201	1402	1501	1052	8	16	8	8	0	1602	1003:31;1028:101;1047:201	1704:2:1601;1702:2:1602	1808:1:1602;1815:1:1603;1803:2:1601;1819:1:1603	1932:1:1603;1931:2:1601;1920:2:1602;1922:2:1602;1910:2:1601	1901	6:15000	7064:40;6102:1500	6:800	100	0	200	100	30	100		拥有“绝对女主气场”的演员，不管在什么剧本扮演什么角色都能散发出强大的存在感，不是主角胜似主角，但也因此一直被安排饰演配角，目前的最大心愿就是当一次真正的女主角。		1.使用星探功能
4026		哈里	2065	1304	1102	1201	1401	1502	1094	16	8	8	0	8	1601	1005:31;1021:101;1057:201	1703:2:1603;1705:2:1601	1808:2:1601;1804:1:1602;1803:2:1603;1810:2:1602	1902:1:1601;1917:2:1601;1927:1:1602;1922:1:1603;1931:2:1601	1901	6:15000	7065:40;6102:1500	6:800	100	0	200	100	30	100		狂热西装爱好者，人生信条就是不能没有西装，脱下西装跟穿上西装之后的人格会大变，衣柜里全是西装，甚至于看到没穿西装的人就下意识想上去给人家递一套西装…		1.使用星探功能
4027		贝蒂	2066	1304	1101	1201	1402	1501	1095	8	16	8	0	8	1603	1002:31;1038:101;1023:201	1702:1:1602;1705:2:1601	1815:2:1603;1801:2:1601;1812:2:1603;1811:2:1602	1902:1:1602;1913:2:1602;1932:1:1602;1911:1:1603;1926:2:1601	1901	6:15000	7066:40;6102:1500	6:800	100	0	200	100	30	100		在粉丝群中有着“巧克力美人”爱称，虽然我们并不知道这个称号是出于她的巧克力一样的肤色，还是因为她接拍了非常多的巧克力广告…		1.使用星探功能
4028		杨梓	2067	1304	1101	1203	1401	1502	1096	8	8	16	0	8	1603	1006:31;1032:101;1042:201	1709:1:1602;1707:2:1601	1817:2:1603;1801:2:1601;1808:2:1603;1819:1:1602	1932:1:1601;1948:2:1601;1904:2:1603;1926:1:1601;1902:2:1601	1901	6:15000	7067:40;6103:1500	6:800	0	0	200	100	30	100		出道时间已经很长的她，现在仍然活跃在动作戏的第一线。有人曾经问她：为什么过了这么久还对动作武打戏情有独钟？她微微一笑：因为戏就在那里。说完拂衣去，深藏功与名。		1.特殊活动获得
4029		埃尔顿	2068	1304	1102	1201	1402	1501	1099	8	16	8	0	8	1601	1005:31;1018:101;1024:201	1703:2:1601;1704:2:1601	1815:2:1603;1804:2:1601;1812:2:1603;1803:1:1601	1908:1:1602;1902:1:1601;1935:2:1602;1931:2:1603;1910:1:1603	1901	6:15000	7068:40;6102:1500	6:800	100	0	200	100	30	100		没有人知道他的真实年龄，十年前他在演青春校园片，七年前他在演青春校园片，五年前他仍然在演青春校园片…据某八卦小报刊载，似乎午夜无人时他会偷偷在桥边练习歌喉，唱的似乎是“我不想，我不想长大…”		1.使用星探功能
4030		贝拉	2069	1304	1101	1202	1402	1502	1062	16	8	8	8	0	1601	1005:31;1023:101;1050:201	1704:2:1601;1707:1:1602	1804:2:1603;1817:2:1603;1801:2:1603;1807:1:1601	1904:1:1602;1932:2:1602;1935:2:1603;1926:1:1603;1902:2:1602	1901	6:15000	7069:40;6108:1500	6:800	100	0	200	100	30	100		她出生的小岛在战争中陷落了，但她却因此流落异国被星探发掘，从而走上演艺之路。也许就为了要成全她，小岛陷落了。但在这个不可理喻的世界里，谁又知道什么是因，什么是果呢？		1.使用星探功能
5001		莱奥	2070	1305	1102	1201	1402	1502	1004	10	20	10	0	10	1601	1004:31;1069:101;1052:201	1703:3:1602;1704:2:1602;1705:3:1603	1804:2:1601;1810:2:1601;1809:2:1602;1808:2:1601	1945:3:1603;1905:3:1601;1922:2:1601;1936:2:1601;1943:2:1603;1927:2:1602;1930:2:1601	1901	6:100000	7070:50;6102:50000	6:2000	100	0	250	100	30	100		由于母亲崇拜一副世界名画，所以从小对艺术耳濡目染因而走上演艺之路。但也许是嫉妒他的如画美貌，演什么都被人看衰。但是大家也公认他最好的表演就是在每次与奖杯擦肩而过时流露出的失落表情，因此他的粉丝强烈提议评委会应该增加一个最佳落选奖颁给他。		1.艺人酒吧活动|n|2.真心话大冒险活动
5002		罗德尼	2071	1305	1102	1202	1402	1501	1005	20	10	10	0	10	1602	1005:31;1071:101;1049:201	1706:3:1601;1708:2:1603;1709:2:1603	1801:2:1603;1811:2:1601;1812:2:1603;1808:2:1603	1903:3:1602;1902:2:1602;1908:2:1601;1913:2:1601;1944:3:1602;1931:3:1601;1942:2:1602	1901	6:100000	7071:50;6108:50000	6:2000	100	0	250	100	30	100		“你看他那乱糟糟的头发，破烂兮兮的衣服，畏畏缩缩的小个子，谁能想到他就是那个天选之子，唯一指定男主角，被选中的救世主？我真是惊了”——街坊李大妈接受采访时如是说。		1.艺人酒吧活动|n|2.真心话大冒险活动
5003		迪普	2072	1305	1102	1201	1401	1502	1009	10	20	10	0	10	1602	1001:31;1078:101;1059:201	1706:2:1602;1708:3:1602;1709:3:1602	1802:2:1603;1804:2:1603;1811:2:1601;1803:2:1603	1905:3:1601;1918:2:1601;1910:2:1601;1917:2:1601;1922:2:1602;1926:3:1602;1945:2:1603	1901	6:100000	7072:50;6102:50000	6:2000	100	0	250	100	30	100		“我的孩子，当你出生的时候，整个海湾都在低语着你的名字。你要记住，唯有智慧与勇气，能让你成为这片海域的传奇。我告诉你这些，总有一天，我将走到生命旅程的尽头，而你，将加冕为船长"，——”前提是，你能保住你的船。“ 可惜，还没说完这句话，老水手就咽下了最后一口气。		1.艺人酒吧活动|n|2.真心话大冒险活动
5004		丹尼	2073	1305	1102	1201	1402	1502	1030	10	10	20	0	10	1601	1004:31;1015:101;1029:201	1702:2:1602;1709:3:1603;1701:2:1602	1801:2:1602;1804:3:1603;1814:2:1601;1807:3:1603	1905:2:1602;1934:2:1602;1917:2:1602;1922:2:1602;1927:2:1602;1926:3:1601;1907:2:1601	1901	6:100000	7073:50;6102:50000	6:2000	100	0	250	100	30	100		上帝在创造他的时候给了他99分的智商，99分的情商，99分的颜值…最后要给他99分的财富时不小心手一抖…于是从此他的口头禅就变成了“Sorry，有钱就是可以为所欲为的”。		1.艺人酒吧活动|n|2.真心话大冒险活动
5005		布拉德利	2074	1305	1102	1201	1402	1502	1013	10	20	10	0	10	1603	1003:31;1008:101;1048:201	1707:2:1601;1710:2:1601;1705:2:1601	1803:2:1601;1809:3:1602;1801:3:1601;1818:2:1603	1911:2:1602;1925:2:1602;1907:3:1601;1931:2:1602;1930:2:1602;1935:3:1601;1926:2:1602	1901	6:100000	7074:50;6102:50000	6:2000	100	0	250	100	30	100		又是一个被英俊的外表耽误了演艺事业的男人…咦，我为什么要说又？总之大概是一见误终身的典范。		1.艺人酒吧活动|n|2.真心话大冒险活动
5006		玛拉	2075	1305	1101	1201	1402	1501	1018	20	10	10	10	0	1602	1006:31;1077:101;1065:201	1703:3:1602;1707:2:1601;1704:2:1602	1803:2:1603;1804:3:1601;1813:2:1603;1810:3:1601	1942:2:1603;1940:2:1602;1932:2:1601;1935:2:1603;1949:2:1603;1904:3:1603;1902:2:1601	1901	6:100000	7075:50;6102:50000	6:2000	100	0	250	100	30	100		试问有谁不喜欢金发尤物呢？有谁不喜欢天真又性感的金发尤物呢？没有。她既是床前白月光，也是心口朱砂痣。你想要她价值千金的吻，还是50美分的灵魂？		1.艺人酒吧活动|n|2.真心话大冒险活动
5007		简	2076	1305	1101	1201	1402	1501	1021	10	20	10	10	0	1601	1006:31;1083:101;1035:201	1704:3:1601;1701:2:1601;1710:3:1601	1807:2:1602;1811:3:1602;1806:2:1601;1801:2:1601	1926:2:1601;1902:2:1602;1920:3:1602;1932:2:1603;1908:2:1601;1931:2:1602;1943:2:1603	1901	6:100000	7076:50;6102:50000	6:2000	100	0	250	100	30	100		原本是个偶像派，却一直想要证明自己的演技，而她选择用来磨炼演技的方法则是——假摔。一次又一次，摔出水平，摔出风格，摔出了新高度，以至于没有她的红毯简直失去了一半的光彩。		1.艺人酒吧活动|n|2.真心话大冒险活动
5008		克拉特	2077	1305	1102	1201	1402	1502	1026	10	10	20	10	0	1602	1006:31;1014:101;1033:201	1708:2:1602;1710:2:1602;1702:2:1602	1806:2:1602;1811:2:1601;1801:3:1601;1808:2:1601	1903:2:1603;1904:2:1601;1913:2:1601;1917:3:1602;1934:2:1602;1930:3:1602;1922:3:1602	1901	6:100000	7077:50;6102:50000	6:2000	100	0	250	100	30	100		知名动物饲养员，自从成功驯养了一只小恐龙之后整个人对恐龙越发痴迷，连食量都越来越像恐龙了，因此肉眼可见的发胖中…		1.艺人酒吧活动|n|2.真心话大冒险活动
5009		琼斯	2078	1305	1101	1201	1401	1502	1028	10	20	10	10	0	1602	1005:31;1015:101;1037:201	1703:3:1601;1707:3:1601;1704:2:1602	1803:2:1601;1813:2:1601;1816:2:1602;1804:2:1602	1902:2:1603;1903:2:1601;1945:2:1603;1932:3:1602;1931:3:1601;1908:2:1602;1935:2:1602	1901	6:100000	7078:50;6102:50000	6:2000	100	0	250	100	30	100		已经中年却仍然抱有一颗粉红少女心的典范，无论走到哪都能靠招牌式的咧嘴大笑与长筒靴迷倒万千群众。		1.艺人酒吧活动|n|2.真心话大冒险活动
5010		海克斯	2079	1305	1102	1201	1402	1502	1057	20	10	10	0	10	1602	1001:31;1009:101;1065:201	1702:3:1602;1708:2:1601;1710:2:1602	1801:3:1603;1808:3:1602;1807:2:1603;1820:2:1603	1902:2:1602;1926:2:1603;1913:2:1601;1904:2:1601;1934:2:1601;1932:3:1601;1907:2:1602	1901	6:100000	7079:50;6102:50000	6:2000	100	0	250	100	30	100		从小读各种神话故事长大的他一直幻想自己有朝一日可以拔出石中剑，成为天选之王。终于有一天，他见到了那块心心念念的石头，只不过，上面插着的不是剑，而是个锤子…		1.艺人酒吧活动|n|2.真心话大冒险活动
5011		杰克	2080	1305	1102	1201	1401	1502	1061	10	20	10	0	10	1601	1002:31;1075:101;1025:201	1702:2:1602;1708:2:1601;1710:3:1603	1801:2:1603;1808:3:1602;1813:2:1603;1820:3:1601	1919:2:1601;1926:2:1603;1913:2:1602;1911:2:1603;1934:2:1603;1932:2:1603;1907:3:1603	1901	6:100000	7080:50;6102:50000	6:2000	100	0	250	100	30	100		没错，这就是你在任何一个健身房都能看到的那种人——他们肌肉结实，身材壮硕，来健身房的唯一目的就是在镜子前炫耀自己的肱二头肌胸大肌以及八块腹肌。		1.艺人酒吧活动|n|2.真心话大冒险活动
5012		伯恩	2081	1305	1102	1202	1401	1502	1076	10	10	20	0	10	1601	1003:31;1070:101;1029:201	1702:2:1601;1705:3:1601;1704:2:1602	1808:3:1602;1820:2:1602;1803:2:1602;1809:3:1603	1930:3:1603;1934:2:1603;1924:2:1602;1921:2:1601;1920:2:1601;1945:2:1602;1905:2:1601	1901	6:100000	7081:50;6108:50000	6:2000	100	0	250	100	30	100		如果说年龄是女人永远的秘密，那么体重就是他永远的秘密。最近他刚刚出了一本新书《我如何在一个月内暴瘦50斤》，刚一上架就被疯狂抢购，各大书店绝赞缺货中…		1.艺人酒吧活动|n|2.真心话大冒险活动
5013		高登	2082	1305	1102	1201	1401	1502	1077	10	20	10	0	10	1601	1006:31;1076:101;1031:201	1702:2:1601;1703:3:1602;1704:2:1602	1810:3:1601;1804:2:1601;1809:2:1602;1814:2:1601	1932:2:1602;1931:3:1603;1904:2:1602;1917:2:1603;1935:2:1601;1927:3:1603;1902:2:1601	1901	6:100000	7082:50;6102:50000	6:2000	100	0	250	100	30	100		一个人很难做到同时被女性和男性喜欢，但是他做到了。借用某直男网友的评论——“真正的男人就该找他这样的男人当男朋友！”等等，好像哪里不对？		1.艺人酒吧活动|n|2.真心话大冒险活动
5014		特鲁斯	2083	1305	1102	1201	1402	1501	1036	20	10	10	10	0	1603	1004:31;1066:101;1017:201	1707:2:1603;1701:3:1603;1708:2:1601	1809:3:1601;1801:2:1601;1816:2:1602;1808:2:1603	1901:2:1601;1907:3:1601;1926:2:1601;1937:3:1602;1934:2:1602;1905:2:1603;1922:2:1603	1901	6:100000	7083:50;6102:50000	6:2000	100	0	250	100	30	100		危险运动爱好者，没事就喜欢爬大楼，扒飞机，下古墓…所谓上知天文能捡瓦，下通地理能挖沟的新世纪复合型人才说的就是他。		1.艺人酒吧活动|n|2.真心话大冒险活动
5015		斯黛拉	2084	1305	1101	1201	1402	1501	1038	10	20	10	10	0	1602	1001:31;1013:101;1018:201	1703:2:1603;1702:2:1602;1704:2:1601	1801:2:1601;1804:3:1601;1811:3:1602;1810:2:1601	1902:3:1601;1908:2:1602;1935:2:1603;1931:2:1602;1942:2:1602;1903:3:1602;1904:2:1602	1901	6:100000	7084:50;6102:50000	6:2000	100	0	250	100	30	100		邻家少女范，甜美可人，大概是每个男孩子心中的初恋女友款。最近因为工作来到东北出差，遇到了一个烦恼——总觉得满大街的人都在叫她的名字。		1.艺人酒吧活动|n|2.真心话大冒险活动
5016		艾莉森	2085	1305	1101	1202	1401	1501	1039	10	10	20	10	0	1603	1002:31;1074:101;1049:201	1706:2:1603;1709:2:1603;1704:2:1601	1802:2:1601;1804:2:1602;1811:3:1601;1812:2:1601	1927:2:1602;1935:2:1602;1913:2:1601;1922:3:1601;1903:3:1601;1944:2:1601;1902:3:1602	1901	6:100000	7085:50;6108:50000	6:2000	100	0	250	100	30	100		传说中别人家的孩子，学习满分，聪颖过人，并且九门功课同步学还能保持永远精力充沛。甚至有传闻说她曾经同时出现在两门不同的课堂上…嗯，我们相信这一定是在课堂上打瞌睡的同学产生的幻想，一定是。		1.艺人酒吧活动|n|2.真心话大冒险活动
5017		威利	2086	1305	1102	1201	1401	1502	1033	10	20	10	10	0	1602	1004:31;1067:101;1041:201	1710:2:1601;1701:3:1603;1708:2:1601	1807:2:1601;1811:3:1601;1814:2:1601;1801:2:1603	1907:2:1601;1917:2:1601;1924:2:1602;1914:2:1602;1934:3:1602;1922:3:1602;1926:2:1602	1901	6:100000	7086:50;6102:50000	6:2000	100	0	250	100	30	100		“开局一把枪一条狗，装备全靠捡”的某知名游戏形象代言人，因为这个广告而为路人所知，因此顺理成章的走上了演艺之路。		1.艺人酒吧活动|n|2.真心话大冒险活动
5018		本	2087	1305	1102	1202	1401	1502	1032	20	10	10	0	10	1603	1002:31;1073:101;1029:201	1709:2:1601;1701:2:1602;1703:2:1603	1801:2:1602;1808:3:1601;1820:2:1602;1815:3:1601	1922:2:1603;1910:2:1601;1909:3:1602;1913:2:1601;1934:3:1603;1946:2:1603;1930:2:1603	1901	6:100000	7087:50;6108:50000	6:2000	100	0	250	100	30	100		他被星探发掘纯属偶然，一次星探在一个小餐馆吃饭，让服务员报一下菜名，没想到眼前的服务员一口气报完了整本菜单还不带喘气儿，让星探惊为天人，就此出道。		1.艺人酒吧活动|n|2.真心话大冒险活动
5019		艾丽娅	2088	1305	1101	1201	1402	1501	1040	10	20	10	0	10	1601	1001:31;1077:101;1031:201	1704:2:1601;1703:2:1603;1707:2:1602	1803:2:1601;1815:3:1602;1804:2:1602;1819:3:1602	1902:3:1602;1903:2:1603;1932:2:1602;1940:3:1603;1904:2:1603;1935:2:1602;1942:2:1602	1901	6:100000	7088:50;6102:50000	6:2000	100	0	250	100	30	100		原本年纪轻轻就有着令人艳羡的事业，但一次醉酒后吐槽上司的朋友圈不幸手滑点错了分组，变成了只对上司可见…希望东山再起的她，决定从零开始自己的演艺事业。		1.艺人酒吧活动|n|2.真心话大冒险活动
5020		琼	2089	1305	1101	1201	1402	1501	1041	10	10	20	0	10	1601	1005:31;1080:101;1042:201	1702:3:1602;1710:3:1601;1707:2:1601	1804:2:1601;1808:3:1603;1809:2:1602;1801:2:1603	1926:2:1601;1902:2:1601;1920:2:1603;1922:2:1603;1937:2:1603;1943:3:1603;1904:2:1601	1901	6:100000	7089:50;6102:50000	6:2000	100	0	250	100	30	100		经历丰富的年轻女子，少时家境贫困去一位画家家里当女仆结果被女主人误以为偷窃珠宝赶出去之后去东京散心，却在回国时莫名其妙的被卷入了毒品买卖…历经艰辛的她现在只想成为一个安静拍戏的黑寡妇。		1.艺人酒吧活动|n|2.真心话大冒险活动
5021		大卫	2090	1305	1102	1201	1401	1501	1043	10	20	10	0	10	1602	1004:31;1073:101;1023:201	1701:2:1601;1707:3:1601;1710:3:1603	1809:2:1601;1818:2:1601;1808:2:1601;1801:3:1602	1901:2:1602;1907:2:1603;1925:2:1601;1926:2:1601;1937:3:1602;1934:2:1602;1922:2:1602	1901	6:100000	7090:50;6102:50000	6:2000	100	0	250	100	30	100		曾经是一位普通士兵，出于人道主义关怀被从战场救出之后又参与了太空探索，流落星际被救之后仍然不死心去了火星科考队，结果又要被救援…政府觉得这样下去迟早要被整破产，就给他安排了一份负责某游戏公司的服务器的工作，但不知怎么的，从此这家公司的服务器总散发着一股土豆味…		1.艺人酒吧活动|n|2.真心话大冒险活动
5022		格雷	2091	1305	1102	1202	1402	1501	1048	20	10	10	10	0	1603	1003:31;1068:101;1051:201	1705:2:1601;1709:2:1601;1702:2:1603	1804:2:1602;1816:3:1603;1803:2:1603;1801:2:1603	1911:2:1603;1945:3:1602;1906:2:1602;1922:3:1602;1932:3:1601;1909:2:1602;1902:2:1601	1901	6:100000	7091:50;6108:50000	6:2000	100	0	250	100	30	100		刚刚步入社会的他深感压力巨大，最喜欢的事就是闲暇时间跑到车站去猜火车到点时间，慢慢的竟然锻炼出了比列车时刻表还精准的直觉，听说最近有不少航空公司想要挖角他以降低误点率…		1.艺人酒吧活动|n|2.真心话大冒险活动
5023		丽兹	2092	1305	1101	1201	1401	1502	1049	10	20	10	10	0	1601	1002:31;1079:101;1065:201	1709:2:1603;1708:2:1601;1707:2:1601	1803:2:1603;1804:3:1602;1810:2:1602;1819:2:1603	1904:2:1602;1932:2:1602;1909:3:1603;1935:3:1602;1931:3:1601;1943:2:1601;1927:2:1601	1901	6:100000	7092:50;6102:50000	6:2000	100	0	250	100	30	100		带着天生的美貌与智慧，贯彻“我来，我见，我征服”的女王大人。秉承美丽即正义的她厌倦了被动的让其他人决定她的命运，决定来到演艺界开拓新的疆土。		1.艺人酒吧活动|n|2.真心话大冒险活动
5024		奈拉	2093	1305	1101	1202	1401	1501	1059	10	10	20	10	0	1602	1003:31;1071:101;1038:201	1703:2:1601;1709:2:1602;1702:2:1603	1801:3:1602;1805:3:1603;1802:2:1601;1811:2:1603	1918:3:1603;1926:2:1603;1902:2:1601;1909:2:1601;1940:3:1602;1932:2:1603;1935:2:1602	1901	6:100000	7093:50;6108:50000	6:2000	100	0	250	100	30	100		外表高冷的她每次接戏都会选择极具古典气息，长裙飘飘的角色，也因此被无数影迷评为最适合穿长裙的女性之一，但是在核心粉丝圈内一直有个流言，荧幕上端庄美丽的她，私下其实是一个地下乐队的乐手？记者就此采访某狂热粉丝，以对方非常激动的表示”我的爱豆不可能那么摇滚！“告终。		1.艺人酒吧活动|n|2.真心话大冒险活动
5025		莉西	2094	1305	1101	1202	1402	1501	1051	10	20	10	10	0	1601	1001:31;1013:101;1035:201	1706:2:1603;1703:2:1601;1709:2:1603	1807:2:1601;1802:2:1602;1803:2:1602;1808:2:1601	1932:2:1601;1909:3:1603;1910:2:1601;1943:3:1601;1931:2:1602;1904:3:1601;1902:3:1603	1901	6:100000	7094:50;6108:50000	6:2000	100	0	250	100	30	100		某知名直播平台的著名吃播，由于在某次直播烤鸡蛋时其中一只鸡蛋竟然破壳孵出了一只小鸡，这只小鸡被玩家奉为天选之鸡，而她也从此成为了玩家口中的鸡神守护者，毒圈降生，大草原的伏地女王，打碎平底锅之人，舔盒者，防空洞的传奇。		1.艺人酒吧活动|n|2.真心话大冒险活动
5026		康纳	2095	1305	1102	1201	1401	1502	1069	20	10	10	0	10	1603	1005:31;1079:101;1038:201	1702:2:1601;1710:2:1602;1705:2:1602	1801:2:1603;1806:2:1601;1811:3:1601;1803:3:1602	1922:3:1602;1910:2:1602;1921:2:1602;1945:2:1603;1943:2:1601;1934:2:1601;1939:3:1603	1901	6:100000	7095:50;6102:50000	6:2000	100	0	250	100	30	100		对于时间非常执着，常挂在口头的话是“一生是有限的，少1秒都是在浪费生命！”不知为何此番言论让他在特定人群中非常受欢迎，他们称自己是真正的粉丝，并且喜欢佩戴黑框眼镜作为标识…		1.艺人酒吧活动|n|2.真心话大冒险活动
5027		娜拉	2096	1305	1101	1201	1401	1501	1034	10	20	10	0	10	1602	1003:31;1067:101;1046:201	1705:2:1602;1702:2:1602;1704:3:1602	1809:3:1601;1808:2:1602;1801:2:1603;1810:3:1603	1927:2:1602;1904:2:1602;1922:2:1603;1932:3:1602;1944:2:1603;1930:2:1602;1902:2:1603	1901	6:100000	7096:50;6102:50000	6:2000	100	0	250	100	30	100		高材生，乖乖女，没事还能跳上一段优美的芭蕾舞蹈。但是不管到哪里一定都会随身带着一盆绿色的盆栽，并且极其爱护。据说曾经有人不小心撞倒了盆栽，据撞倒盆栽的当事人事后回忆：“我想不起来发生了什么…我只知道那一瞬间我感到了从所未有的恐惧…”		1.艺人酒吧活动|n|2.真心话大冒险活动
5028		柳珈琳	2097	1305	1101	1203	1402	1501	1035	10	10	20	0	10	1603	1005:31;1016:101;1025:201	1709:3:1601;1704:2:1602;1703:3:1601	1804:2:1602;1819:2:1601;1803:2:1602;1815:3:1602	1909:3:1602;1940:2:1603;1932:2:1601;1931:2:1602;1902:2:1602;1904:2:1602;1910:2:1603	1901	6:100000	7097:50;6103:50000	6:2000	100	0	250	100	30	100		对一个前夫是皇帝，现任是皇帝，大儿子是皇帝，二儿子也是皇帝，孙子还是皇帝，自己本人同样也当过皇帝的人，我们不称之为人生赢家，我们叫她六位帝皇丸…之母。		1.艺人酒吧活动|n|2.真心话大冒险活动
5029		房龙	2098	1305	1102	1203	1401	1502	1027	10	20	10	0	10	1601	1004:31;1033:101;1030:201	1705:2:1601;1708:2:1601;1704:2:1602	1809:2:1603;1818:2:1602;1808:2:1601;1810:3:1603	1926:3:1603;1934:2:1602;1948:3:1603;1914:2:1602;1907:2:1602;1903:3:1603;1921:2:1601	1901	6:100000	7098:50;6103:50000	6:2000	100	0	250	100	30	100		“一开始星探找我来拍片，我是拒绝的...“成名之后，每当有人采访他是怎么走上演艺道路时，他都会以此作为开场白，附带一个撩头发动作。不过据说在某次撩完发现手里多了好几根脱落的头发后，他已经不怎么做这个动作了…		1.艺人酒吧活动|n|2.真心话大冒险活动
5030		雷顿	2099	1305	1102	1202	1401	1502	1054	20	10	10	10	0	1601	1005:31;1020:101;1059:201	1702:2:1602;1707:2:1601;1708:3:1603	1804:3:1601;1809:2:1603;1817:2:1603;1801:3:1602	1925:2:1601;1926:2:1603;1905:2:1602;1937:2:1601;1924:3:1602;1907:2:1603;1922:2:1602	1901	6:100000	7099:50;6108:50000	6:2000	100	0	250	100	30	100		永远笑容迷人，风度翩翩，不管穿着西装还是马甲，他都能展现出一幅气定神闲的模样，仿佛下一秒就要对酒保说出那句经典的：“可乐，加冰，不要摇。”		1.艺人酒吧活动|n|2.真心话大冒险活动
5031		威尔	2100	1305	1102	1202	1401	1501	1079	10	20	10	0	10	1602	1003:31;1032:101;1031:201	1710:2:1603;1708:2:1603;1705:2:1602	1808:2:1603;1801:2:1602;1807:3:1603;1818:3:1601	1923:3:1602;1907:3:1601;1901:2:1601;1945:2:1601;1930:2:1602;1926:2:1602;1934:2:1603	1901	6:100000	7100:50;6108:50000	6:2000	100	0	250	100	30	100		以动作戏出名的他每次拍戏都很拼，哪怕冰天雪地的场景里他也能把自己弄得满头大汗衣衫全湿，所以时至今日江湖上已没有他的真名，大家见到他的第一反应都是：“老湿！“		1.艺人酒吧活动|n|2.真心话大冒险活动
5032		梅梅	2101	1305	1101	1201	1402	1501	1101	10	10	20	0	10	1603	1004:31;1077:101;1018:201	1703:2:1603;1704:2:1601;1702:3:1601	1804:3:1602;1803:3:1603;1810:2:1602;1807:3:1601	1902:2:1602;1903:2:1601;1904:2:1601;1932:2:1602;1935:2:1602;1922:2:1602;1931:2:1601	1901	6:100000	7101:50;6102:50000	6:2000	100	0	250	100	30	100		明明可以靠脸吃饭却非要靠才华，演戏唱歌两不误的同时桃花也是一直不断，据说每首歌的灵感都来自上一段失败的恋情，到现在已经让人分不清追求她的人到底是真心被吸引还是想体会一下拥有自己的专属歌的感觉…		1.艺人酒吧活动|n|2.真心话大冒险活动
5033		石通	2102	1305	1102	1201	1401	1502	1102	20	10	10	0	10	1601	1005:31;1080:101;1042:201	1705:2:1601;1708:2:1601;1710:2:1601	1801:2:1603;1809:2:1601;1818:2:1603;1811:2:1601	1907:3:1602;1901:2:1603;1910:3:1602;1914:3:1603;1926:2:1602;1934:2:1601;1917:3:1603	1901	6:100000	7102:50;6102:50000	6:2000	100	0	250	100	30	100		第一次见他的人无不被他巨大魁梧的身躯所震撼，这是一个上能徒手爬大楼，下能公路狂飙车，给把加特林就能直接喷蓝火carry全场的男人，行走江湖从无败绩，充分展现什么叫世界级的肌肉选手。		1.艺人酒吧活动|n|2.真心话大冒险活动
